{"file_hashes":[{"block_hashes":["G3TEnxiv1LYoe9V1FylMZOsRx615d/sis7fUOlnF0jI="],"block_size":4096,"path":"manager.js"},{"block_hashes":["LuAEfixhhNu5HjQC5f8mQi7Oj6qJQEVA9vxJ1jY5jxI=","wNi9NQ0w7pggh32e1w6R/L1vfBjN39zvOOX6aEDNNxk=","8XNW/A9Fx9ZwpJWkySMDndLukfh0fSmBAZPqE3DJZY4=","QFbOEiBZJz14vjqov4xzr1LMReqHVigPhJfKjVWgvyQ=","KqRHGxGu57jH5HWQjY9jXMWZXJT3NzARqaiubPktjEo="],"block_size":4096,"path":"options.html"},{"block_hashes":["26JTMAuf4dNCehWUURCSjrvKNi60vcEeRk9MJtcvsIg=","0r1OUS6WTC4nPOlHtlmgt9zoAzGYFyfDh0cftxOgztc=","xJVL9QwMOEd35RLw8OgjOxJzeD7jC9sD7d+/EgukYe4="],"block_size":4096,"path":"options.js"}],"version":2}